{
  "training_metrics": {
    "epoch": [
      1,
      2,
      3,
      4,
      5,
      6,
      7,
      8,
      9,
      10,
      11,
      12,
      13,
      14,
      15,
      16,
      17,
      18
    ],
    "train_loss": [
      13.812408698913027,
      12.97152252147626,
      12.83031683476873,
      12.77311368237282,
      12.70535119588536,
      12.671958406310175,
      12.613342850684418,
      12.603162174517328,
      12.556806615147016,
      12.526679916395203,
      12.500900516977914,
      12.472914400849115,
      12.465532626947805,
      12.426034845967065,
      12.38476933481375,
      12.368547319162943,
      12.355876301172401,
      12.376055218198228
    ],
    "train_accuracy": [
      0.9045523616563251,
      0.945675573002406,
      0.95172217297708,
      0.9547296441686717,
      0.9584652399645435,
      0.9599214891731037,
      0.9624224389008484,
      0.9628339875902241,
      0.9653349373179688,
      0.9667278713435482,
      0.9680258325946562,
      0.9694187666202355,
      0.9691021907053311,
      0.9716981132075472,
      0.9734709383310117,
      0.9742623781182728,
      0.9746106116246676,
      0.9738824870203875
    ],
    "train_f1_macro": [
      0.9039933879872106,
      0.945610467311932,
      0.9517860510091959,
      0.9547987341348495,
      0.9584752339511412,
      0.9599123942083049,
      0.9625106007732621,
      0.9628861806353094,
      0.9653692318715357,
      0.9667499602469554,
      0.9680904059339541,
      0.9694558586545191,
      0.9691381163097956,
      0.9716571198998444,
      0.9735422457301667,
      0.9742000583795626,
      0.9746401858649675,
      0.9739116022284074
    ],
    "epoch_time": [
      6.894773006439209,
      7.064089775085449,
      6.630278587341309,
      6.548438549041748,
      6.089406967163086,
      6.322724103927612,
      6.680068492889404,
      6.033841848373413,
      6.8556859493255615,
      6.15205192565918,
      6.583049774169922,
      6.908349275588989,
      6.164031267166138,
      6.58631443977356,
      6.721973896026611,
      6.694451093673706,
      6.3348774909973145,
      6.536188364028931
    ],
    "avg_batch_time": [
      0.007385770801590522,
      0.007298842132815465,
      0.007068317428774197,
      0.006652487434356319,
      0.007286472359166937,
      0.006778172635839053,
      0.006809535296822366,
      0.006976050886548,
      0.005298627532928096,
      0.0064813950766436,
      0.007463880396082334,
      0.007645736339121212,
      0.006625242078835182,
      0.007524688716842095,
      0.006656609566105522,
      0.006552568814049848,
      0.00664660225995639,
      0.0067976153331246935
    ],
    "val_loss": [
      12.914847063266917,
      12.762888488075555,
      12.731287883030506,
      12.679810668021414,
      12.714208593188749,
      12.620105140994509,
      12.687414397433974,
      12.64022898814261,
      12.601312446234381,
      12.628788602485576,
      12.607047818715559,
      12.631329058563084,
      12.577296774973663,
      12.65368114111914,
      12.606228374602553,
      12.621577742493452,
      12.645229076709699,
      12.612431841095432
    ],
    "val_accuracy": [
      0.9436206137131111,
      0.9522830715019821,
      0.952576714138893,
      0.9558067831449126,
      0.9546322125972692,
      0.9588900308324769,
      0.9559536044633681,
      0.9571281750110116,
      0.9597709587432095,
      0.9584495668771106,
      0.9590368521509323,
      0.9588900308324769,
      0.9605050653354867,
      0.9578622816032888,
      0.9583027455586551,
      0.958596388195566,
      0.9566877110556453,
      0.9590368521509323
    ],
    "val_f1_macro": [
      0.9434966300880463,
      0.9522263138498651,
      0.9528475869660219,
      0.9558038914728302,
      0.9545318775407224,
      0.9588240672963502,
      0.9561229623299848,
      0.9571061551785863,
      0.9598566944453172,
      0.9585092581436011,
      0.9589611280446076,
      0.9589799489504317,
      0.960511045372638,
      0.957850897054468,
      0.958280615879378,
      0.9587929595453434,
      0.956717532145562,
      0.9589795323327933
    ],
    "val_f1_weighted": [
      0.9434935492444713,
      0.9522655912428988,
      0.9526230599237334,
      0.9558143144668942,
      0.9546351608718386,
      0.9588772973736318,
      0.9559728226324352,
      0.9571243949131185,
      0.9597481611305068,
      0.9584481218165991,
      0.9590112833613619,
      0.9589673400450849,
      0.9604928410400487,
      0.9578932374743174,
      0.9583272483557431,
      0.9586513848064392,
      0.9567824803486342,
      0.9590745008642563
    ],
    "test_loss": [
      12.748933029807377
    ],
    "test_accuracy": [
      0.9552562988705473
    ],
    "test_f1_macro": [
      0.9553535837883311
    ],
    "test_f1_weighted": [
      0.9553575488425851
    ]
  },
  "model_analysis": {
    "total_parameters": 1741003,
    "trainable_parameters": 1741003,
    "non_trainable_parameters": 0,
    "model_size_mb": 6.641399383544922,
    "layers": [
      {
        "name": "conv1",
        "type": "Conv1d",
        "parameters": 2048
      },
      {
        "name": "bn1",
        "type": "BatchNorm1d",
        "parameters": 64
      },
      {
        "name": "conv2",
        "type": "Conv1d",
        "parameters": 30784
      },
      {
        "name": "bn2",
        "type": "BatchNorm1d",
        "parameters": 128
      },
      {
        "name": "conv3",
        "type": "Conv1d",
        "parameters": 90240
      },
      {
        "name": "bn3",
        "type": "BatchNorm1d",
        "parameters": 256
      },
      {
        "name": "conv4",
        "type": "Conv1d",
        "parameters": 295168
      },
      {
        "name": "bn4",
        "type": "BatchNorm1d",
        "parameters": 512
      },
      {
        "name": "fc1",
        "type": "Linear",
        "parameters": 1280200
      },
      {
        "name": "bn5",
        "type": "BatchNorm1d",
        "parameters": 400
      },
      {
        "name": "fc2",
        "type": "Linear",
        "parameters": 40200
      },
      {
        "name": "bn6",
        "type": "BatchNorm1d",
        "parameters": 400
      },
      {
        "name": "fc3",
        "type": "Linear",
        "parameters": 603
      },
      {
        "name": "pool",
        "type": "MaxPool1d",
        "parameters": 0
      }
    ]
  },
  "final_performance": {
    "best_val_loss": 12.577296774973663,
    "best_val_accuracy": 0.9605050653354867,
    "best_val_f1": 0.960511045372638,
    "total_epochs": 18,
    "convergence_epoch": 13
  }
}